Name,Job Title,,Affiliations,Country,Chair/Organiser?,Registered?,Talk title,Abstract ?,Headshot?,Bio?
Grace Kennedy,Principal Consultant Human Systems Engineering,grace.kennedy@acmena.com.au,Acmena,Australia,Y,Y,Welcome to HSI 2025,N/A,Y,Y
Chair: Guy Andre Boy,,guy.andre.boy@gmail.com,Paris Saclay University ,France,Y,,N/A,,,
Caitlyn Singam (Keynote 1),,Caitlyn.Singam@incose.net,,USA,,,TBD: Keynote 1,,,
So Young Kim,,soyoung.kim@collins.com,Collins Aerospace,,Y,,N/A,,,
Peter Hellekant,,peter.hellekant@saabgroup.com,Saab Group,Sweden,,,HSI from a Development Perspective,,Y,Y
Ricardo Reis,,rjreis@embraer.fr,Embraer,,,,,,,
Dimitri Masson,,d.masson@estia.fr,ESTIA,France,,,,,,
Chris Greenbank,,chris.greenbank@apac.bmt.org,BMT,Australia,Y,,N/A,,,
John Baras,,baras@umd.edu,University of Maryland College Park,USA,,,"Session title: Efficient integration of model-based and data driven approaches for the modeling, monitoring, performance valuation, and management of HIS",,,
Caitlin Ryan,,caitlinryan1794@gmail.com,SEDAC LLC,USA,,,HSI in SysML,Y,Y,Y
Chris Bartlett,,,,,,,,,Y,Y
Mike Miller,Chief Technology Officer,mikemiller365@gmail.com,Intuiscan ATC Technologies,USA,,,Human Digital Twin Ontology Development,Y,Y,Y
Ricardo Reis,,rjreis@embraer.fr,Embraer,,Y,,,,,
Other Speakers?,,,,,,,,,,
Ami Harel,CEO,ami@e2es.co.il,End To End Systems,Israel,Y,,,,,
Yuval Bitan,,yuval@bitan.net <yuval@bitan.net>,,,,,HSI in Medicine Administration,Y,Y,Y
Paul Lambertson,Flight Deck Lead Engineer - Integration & Test,paul.s.lambertson@boeing.com,Boeing,USA,Y,,HSI Measures and HRLs,,,
Judi See,Human Factors Engineer,jesee@sandia.gov,Sandia National Laboratories,USA,,Y,HSI Measures and HRLs,,Y,Y
Grace Kennedy,,grace.kennedy@acmena.com.au,University of Wollongong,Australia,Y,Y,,,Y,Y
Patrick Hoverstadt,,patrick@fractal-consulting.com,Fractal Consulting,UK,,,Complex Adaptive and Self Organising Systems,,,
Grace Kennedy,Principal Consultant Human Systems Engineering,grace.kennedy@acmena.com.au,University of Wollongong,Australia,Y,Y,"Well intentioned behaviours that block SE: Social, organisational and cultural factors in embedding HSI practices",,Y,Y
Richard Beasley,Systems Advisor,Richard.Beasley@incose.net,RBSystems,UK,,,,,,
Ryan Messina,,ryanjmessina@gmail.com,DSTG,Australia,,,,,,
Grace Kennedy,Principal Consultant Human Systems Engineering,grace.kennedy@acmena.com.au,University of Wollongong,Australia,Y,Y,Project Wildfire: HSI & SoS,,Y,Y
Susan Ronning,Principal Engineer,Susan.Ronning@incose.net,ADCOMM Engineering,USA,,,,,,
Renee Rookwood,"Principal, Human Systems Integration and Analysis",rrookwood@mitre.org,,,,,,,,
Judith Dahmann,,jdahmann@mitre.org,,,,,,,,
Alan Harding,,Alan.Harding@incose.net,,,,,,,,
Paul Lambertson,Flight Deck Lead Engineer - Integration & Test,paul.s.lambertson@boeing.com,Boeing,USA,Y,,HSI in Complex Transportation Systems,,,
Victoria Valentinova,Technical Director Asset Management Services,victoria.valentinova@mottmac.com,Mott Macdonald,Singapore,,,,,Y,Y
Anthony Smoker,,anthony.smoker@aviation.lth.se,Lund University,Sweden,,,,,Y,
Philippe Palanque,Professor,philippe.palanque@irit.fr,IRIT,France,Y,,,,,
ACM speakers,,,,,,,,,,
Avi Harel,,ergolight@gmail.com,,Israel,,,,,,
So Young Kim,Associate Director Research,soyoung.kim@collins.com,Collins Aerospace,USA,Y,,"HSI Knowledge Sharing:
Heuristics Workshop
SEBOK Wiki",,,
Dimitri Masson,Assistant Professor of computer Science,d.masson@estia.fr,ESTIA,,,,,,,
Harington Lee,Senior Systems Engineer,haringtonl@gmail.com,Sierra Nevada Corporation,USA,,,,,,
Ben Schwartz,Director of Human Engineering,bschwartz@mti-inc.com,Monterey Technologies,USA,,,,,,
Paul Lambertson,Flight Deck Lead Engineer - Integration & Test,paul.s.lambertson@boeing.com,Boeing,USA,Y,,HSI Outreach Panel,,,
Grace Kennedy,Principal Consultant Human Systems Engineering,grace.kennedy@acmena.com.au,University of Wollongong,Australia,,,,,,
Yakir Yaniv,Director of Complex Systems,yakir.yaniv@aman.co.il,Aman Digital,Israel,,,,,,
Philippe Palanque,Professor,philippe.palanque@irit.fr,IRIT,France,,,,,,
Emanuel Robinson,Board Director on Human-Systems Integration,aerobinson@nas.edu,NASEM,USA,,,,,,