,"Wednesday 5th November","Thurs 6th November","7th November"
"16:00 - 16:30",,"Session 2.1 Advanced HSI infused architecting of AI enabled Systems for Safety Critical Domains (Ricardo Reis & AI WG) (Ricardo Reis)","Session 3.1 Commonalities and differences between Human Computer Interaction and HSI (Philippe Palanque & ACM) (PP/DM)"
"16:30 - 17:00",,,
"17:00 - 17:30",,,"HSI in the 5th Industrial Revolution (Avi Harel) (PP)"
"17:30 - 17:45",,"BREAK","BREAK"
"17:45 - 18:15",,"Session 2.2 HSI in Medicine Administration (Yuval Bitan) (AH)","Session 3.2 HSI Knowledge Sharing Heuristics Workshop (Dimitri Masson & Harrison Lee) SEBOK wiki (Ben Schwartz) (SK)"
"18:15 - 18:45",,,
"18:45 - 19:15","Chair's Welcome (GK)",,
"19:15 - 19:45","Session 1.3 Keynote: Complex Adaptive Systems (Patrick Hoverstadt) (GK)","Session 2.3 Keynote Keynote 2:  SySTEAM (Caitlyn Singam) (GB?)","Session 3.3 Joint Panel :Speakers: G. Kennedy (INCOSE); Yakir Yaniv (IEA); Philippe Palanque (ACM); Emanuel Robinson (NASEM) (PL)"
"19:45 - 20:15",,,
"20:15 - 21:00","LUNCH BREAK","LUNCH BREAK","(12:15-12:30) Co-Chair's Closing Remarks (GK)"
"21:00 - 21:30","Session 1.4 HSI from a development perspective (Peter Hellekant) (So Young)","Session 2.4 Well intentioned behaviours that block SE: Social, organisational and cultural factors in embedding HSI practices (Ryan Messina, Grace Kennedy) Richard Beasley? (GK)",
"21:30 - 22:00","CONOPS Early Stage R&D (So Young Kim & Ricardo Reis, Dimitri Masson) (So Young)",,
"22:00 - 22:30","Requirements: HSI & SYSML (Caitlyn Ryan) (So Young)","2.5: Project Wildfire. HSI & Systems of Systems 45 mins (GK)",
"22:30 - 22:45","BREAK",,
"22:45 - 23:10","Session 1.5 Model-based HSI (John Baras) (PL)","BREAK",
"23:10 - 23:35","HRL & measures (Judi See?) (PL)","Session 2.6 Transport HSI (Victoria Valentinova) 60mins (PL)",
"23:35 - 00:00","Human Digital Twin Ontology (Mike Miller) (PL)",,